<?xml version="1.0" encoding="UTF-8"?>
<beans xmlns="http://www.springframework.org/schema/beans"
	xmlns:xsi="http://www.w3.org/2001/XMLSchema-instance"
	xmlns:jdbc="http://www.springframework.org/schema/jdbc"
	xmlns:mvc="http://www.springframework.org/schema/mvc"
	xmlns:mybatis-spring="http://mybatis.org/schema/mybatis-spring"
	xmlns:context="http://www.springframework.org/schema/context"
	xsi:schemaLocation="http://www.springframework.org/schema/jdbc http://www.springframework.org/schema/jdbc/spring-jdbc-3.1.xsd
		http://www.springframework.org/schema/mvc http://www.springframework.org/schema/mvc/spring-mvc-3.1.xsd
		http://mybatis.org/schema/mybatis-spring http://mybatis.org/schema/mybatis-spring-1.2.xsd
		http://www.springframework.org/schema/beans https://www.springframework.org/schema/beans/spring-beans.xsd
		http://www.springframework.org/schema/context http://www.springframework.org/schema/context/spring-context-3.1.xsd">
	
	<!-- Root Context: defines shared resources visible to all other web components -->
		
	<!-- MySQL dataSource -->
<!-- 	<bean id="dataSource" class="org.springframework.jdbc.datasource.DriverManagerDataSource"> -->
<!-- 		<property name="driverClassName" value="com.mysql.cj.jdbc.Driver"></property> -->
<!-- 		<property name="url" value="jdbc:mysql://localhost:3306/test?useSSL=false&amp;serverTimezone=UTC"></property> -->
<!-- 		<property name="username" value="root"></property> -->
<!-- 		<property name="password" value="1234"></property> -->
<!-- 	</bean> -->
	
	<!-- MyBatis 컨테이너 등록 설정 -->
<!--     <bean id="sqlSessionFactoryBean" class="org.mybatis.spring.SqlSessionFactoryBean"> -->
<!--     	<property name="dataSource" ref="dataSource"></property> -->
<!--     	<property name="configLocation" value="classpath:/mybatis/mybatis-config.xml"></property> -->
<!--     	<property name="mapperLocations" value="classpath:/sqlmap/*.xml"></property> -->
<!--     </bean> -->

<!--     <bean id="sqlSessionTemplate" class="org.mybatis.spring.SqlSessionTemplate"> -->
<!--     	<constructor-arg ref="sqlSessionFactoryBean"></constructor-arg> -->
<!--     </bean> -->
    
    <context:component-scan base-package="com.com"></context:component-scan>
</beans>
