<?xml version="1.0" encoding="UTF-8"?>
<!DOCTYPE tiles-definitions PUBLIC
       "-//Apache Software Foundation//DTD Tiles Configuration 3.0//EN"
       "http://tiles.apache.org/dtds/tiles-config_3_0.dtd">

<tiles-definitions>
	<!-- main layout -->
	<!-- definition 속성 name : 변수처럼 사용할 이름 template : 사용할 jsp를 지정 -->
	<definition name="layout-tiles"
		template="/WEB-INF/views/tiles/tiles-layout.jsp">
		<!-- name은 사용할 이름 value에는 실제로 들어갈 jsp를 입력 -->
		<put-attribute name="header"
			value="/WEB-INF/views/tiles/headerTemplate.jsp" />
		<put-attribute name="left"
			value="/WEB-INF/views/tiles/sidebarTemplate.jsp" />
		<put-attribute name="body" value="" />
		<put-attribute name="foot"
			value="/WEB-INF/views/tiles/footerTemplate.jsp" />
	</definition>

	<!-- definition 속성 name : 변수처럼 사용할 이름 extends : 실제로 사용하는 페이지에 이식하기위해 상속받을 
		jsp -->
	<!-- 컨트롤러에서 리턴하는 String값이 .tiles일 경우 tiles적용되도록 했다. 또한 파일마다 경로의 단계차이가 있을수 있기때문에 /*/*.tiles처럼 몇가지 경로를 더 추가해주었다. -->
	<definition name="*.tiles" extends="layout-tiles">
		<!-- body : 실제 페이지를 사용하기 위해 설정하는 부분으로 메인 body로 쓸 jsp영역을 설정할 수 있다. -->
		<!-- value : {1}.jsp을 통해 board.jsp로 갈때 자연스럽게 이식되어 사용할 수 있게 합니다. -->
		<put-attribute name="body"
			value="/WEB-INF/views/{1}.jsp" />
	</definition>
	<definition name="*/*.tiles" extends="layout-tiles">
		<put-attribute name="body"
			value="/WEB-INF/views/{1}/{2}.jsp" />
<!-- 		<put-attribute name="title" value="게시판" /> -->
	</definition>
</tiles-definitions>